crime_type,severity,prior_convictions,age,employment_status,has_dependents,sentence_length
theft,1,5,35,employed,0,2.89
theft,5,3,20,employed,0,5.95
fraud,5,3,32,unemployed,1,7.26
assault,3,1,31,unemployed,0,3.29
assault,1,5,47,student,0,3.94
assault,5,1,22,employed,0,7.85
theft,4,2,47,student,1,3.81
theft,5,5,28,student,0,6.66
fraud,3,0,32,employed,1,2.56
assault,2,5,49,unemployed,1,3.04
robbery,5,3,41,employed,0,6.37
theft,2,5,28,student,1,3.8
theft,1,5,52,unemployed,1,3.45
assault,5,1,50,employed,1,7.05
fraud,5,4,18,student,1,6.53
fraud,1,1,54,employed,0,2.5
fraud,2,5,48,student,0,5.09
fraud,3,3,60,student,1,4.37
fraud,5,1,18,employed,0,5.91
theft,5,1,35,student,1,4.0
robbery,4,1,24,employed,1,3.53
theft,1,3,39,employed,0,2.28
fraud,3,3,33,employed,1,6.17
theft,1,1,28,unemployed,1,0.79
theft,4,2,47,unemployed,1,5.97
robbery,2,1,36,employed,0,3.23
theft,1,4,48,student,0,2.18
theft,2,3,25,student,0,3.39
assault,3,1,60,student,1,2.39
theft,1,3,57,student,0,2.3
theft,2,2,36,employed,1,3.99
theft,5,2,60,employed,0,6.66
fraud,3,2,56,employed,1,3.69
theft,1,5,45,unemployed,0,4.37
assault,2,5,46,student,1,2.67
theft,3,4,53,employed,1,4.04
theft,3,1,33,student,0,3.75
fraud,2,1,29,unemployed,0,2.9
robbery,2,2,28,student,0,2.19
robbery,3,2,32,employed,0,4.56
theft,3,2,59,student,1,5.14
assault,2,4,34,employed,0,4.61
robbery,5,4,25,unemployed,0,7.01
fraud,3,3,22,student,1,4.88
robbery,3,3,36,student,0,4.7
fraud,5,4,37,unemployed,0,6.97
assault,4,3,46,student,0,6.47
theft,3,4,60,student,1,5.44
fraud,1,0,33,unemployed,0,1.19
robbery,4,3,33,employed,0,8.28
robbery,2,1,51,unemployed,0,2.76
fraud,4,5,51,student,1,8.64
robbery,2,5,48,unemployed,1,6.16
robbery,2,2,46,employed,1,1.71
fraud,2,3,27,student,0,2.8
fraud,4,3,55,student,0,6.9
assault,3,3,44,student,0,4.33
robbery,2,3,26,student,0,3.88
robbery,2,3,29,employed,1,3.21
robbery,3,3,34,employed,1,3.2
theft,1,0,33,employed,0,1.21
theft,5,1,47,student,1,5.72
fraud,3,0,55,employed,1,3.63
fraud,1,4,58,employed,0,3.28
theft,5,0,40,student,1,5.54
robbery,1,3,41,student,1,1.49
robbery,4,3,55,unemployed,1,7.86
fraud,4,4,57,student,1,5.5
assault,3,2,56,student,1,4.08
fraud,4,5,49,unemployed,0,5.71
assault,5,2,48,student,1,5.83
assault,2,0,30,unemployed,0,2.83
fraud,2,5,48,unemployed,1,6.04
assault,1,5,52,employed,1,2.54
robbery,1,0,54,unemployed,1,0.3
robbery,1,0,43,unemployed,0,0.86
assault,1,1,25,student,1,1.23
robbery,3,4,45,unemployed,0,6.81
fraud,2,2,60,employed,0,2.74
robbery,4,5,56,unemployed,1,5.5
theft,2,2,58,student,0,3.39
fraud,1,0,28,unemployed,1,0.63
assault,5,4,49,unemployed,0,9.31
assault,1,0,32,student,0,0.83
fraud,4,4,59,unemployed,1,5.49
theft,4,2,44,unemployed,1,6.33
assault,4,4,20,unemployed,0,6.4
robbery,5,0,60,student,1,4.75
theft,2,2,53,employed,1,3.71
fraud,2,2,53,employed,1,2.54
theft,2,3,36,student,1,2.68
fraud,5,4,26,employed,1,9.5
assault,1,2,37,student,1,1.99
robbery,4,2,30,student,0,4.77
robbery,4,3,60,student,0,5.33
theft,4,0,51,unemployed,0,5.38
fraud,1,3,34,unemployed,1,3.08
robbery,3,5,49,student,0,5.2
fraud,1,3,24,student,0,2.14
theft,3,2,41,unemployed,0,4.11
fraud,2,1,23,student,1,1.94
assault,4,2,60,employed,1,6.65
assault,5,2,58,unemployed,1,6.05
theft,2,3,54,unemployed,1,3.7
assault,1,4,21,student,1,3.83
fraud,2,4,34,student,0,4.94
robbery,1,4,41,student,0,1.93
fraud,5,2,51,student,1,7.08
assault,1,3,22,employed,0,3.87
assault,1,3,18,unemployed,0,3.2
robbery,3,0,32,unemployed,0,3.53
fraud,1,5,47,student,1,3.2
theft,1,1,52,employed,1,1.55
robbery,5,5,27,unemployed,0,10.4
assault,1,5,41,employed,1,3.26
assault,5,5,40,employed,1,8.44
theft,2,5,58,student,0,3.8
fraud,1,4,31,student,0,2.91
theft,3,1,26,student,1,3.42
fraud,5,2,19,employed,1,5.26
robbery,4,2,50,student,0,5.17
assault,4,5,19,employed,1,8.09
robbery,1,0,38,student,0,0.54
assault,4,4,51,unemployed,1,5.61
fraud,4,3,32,unemployed,1,6.19
assault,3,2,27,student,1,3.82
fraud,5,0,55,student,1,5.07
theft,3,4,37,unemployed,0,5.4
fraud,1,2,53,unemployed,0,2.82
theft,5,5,35,employed,0,8.78
assault,1,1,27,student,1,0.63
robbery,4,3,39,employed,1,4.79
theft,2,1,57,employed,0,2.6
robbery,4,2,31,student,0,4.6
assault,1,1,43,student,0,0.71
assault,3,2,25,employed,1,4.52
assault,1,3,20,unemployed,0,1.95
robbery,5,3,58,unemployed,1,5.24
robbery,3,0,45,employed,0,2.89
assault,3,1,39,employed,0,3.84
assault,3,5,59,employed,0,4.43
fraud,1,1,58,unemployed,1,1.96
assault,3,1,46,employed,1,2.97
theft,3,3,46,employed,0,4.65
theft,5,4,50,unemployed,1,8.04
fraud,3,4,48,student,0,6.43
theft,5,5,29,employed,0,10.48
fraud,3,2,36,unemployed,1,5.2
assault,1,2,24,student,1,1.64
assault,1,4,60,employed,1,2.56
theft,3,4,42,student,1,5.74
theft,4,4,41,employed,1,7.03
fraud,2,1,27,employed,1,2.81
theft,3,4,26,student,1,3.72
robbery,1,3,41,student,0,3.18
fraud,5,1,37,unemployed,0,6.55
robbery,3,3,50,student,1,5.47
robbery,3,4,24,student,0,5.92
fraud,4,0,32,unemployed,1,5.24
robbery,1,2,32,employed,1,2.59
fraud,1,2,48,student,0,2.46
theft,3,1,27,student,1,2.5
robbery,1,0,49,student,0,0.65
theft,5,2,33,student,1,5.62
theft,4,3,20,student,1,6.45
theft,5,5,39,employed,0,7.72
robbery,4,5,29,employed,0,8.6
fraud,1,1,20,unemployed,1,1.18
fraud,3,2,21,student,1,3.59
robbery,3,1,49,student,1,3.3
robbery,5,1,52,unemployed,1,4.39
robbery,2,5,46,unemployed,1,5.42
assault,1,0,60,student,1,0.3
robbery,1,1,22,employed,1,1.26
robbery,3,2,46,employed,0,4.66
fraud,1,0,29,unemployed,1,0.98
fraud,5,2,49,employed,0,4.82
robbery,1,5,38,student,1,3.23
fraud,3,4,32,employed,0,5.73
assault,5,4,41,unemployed,0,7.32
robbery,5,3,44,student,0,5.65
assault,2,4,58,student,0,4.2
theft,5,1,37,employed,0,5.63
assault,1,2,30,student,1,0.64
fraud,2,5,57,student,1,4.43
assault,2,4,44,student,0,4.99
robbery,2,5,43,unemployed,1,2.87
fraud,3,4,27,unemployed,1,5.71
assault,5,4,24,unemployed,0,7.12
theft,1,2,42,student,1,1.99
assault,2,1,49,student,1,2.07
fraud,2,4,40,employed,0,4.73
robbery,3,4,18,employed,1,3.89
theft,4,0,54,student,0,3.91
assault,5,5,57,employed,0,10.19
assault,5,2,27,employed,1,5.95
robbery,5,3,27,student,0,7.29
assault,5,2,50,student,1,6.62
robbery,5,2,58,employed,1,5.48
fraud,1,4,48,employed,1,3.69
theft,2,0,46,unemployed,1,1.64
robbery,1,5,26,student,0,4.77
fraud,4,4,39,student,1,6.76
robbery,2,1,35,student,1,1.81
robbery,3,3,40,student,1,3.67
assault,2,2,20,unemployed,0,2.88
robbery,2,1,52,unemployed,1,1.59
fraud,2,0,24,unemployed,1,1.45
fraud,4,5,48,unemployed,0,7.32
theft,1,5,54,employed,0,3.76
fraud,1,3,49,employed,1,1.39
assault,3,3,59,student,1,4.97
assault,2,5,47,student,1,3.7
fraud,2,4,58,unemployed,1,2.78
fraud,4,2,33,employed,1,4.79
theft,3,5,41,student,0,4.01
assault,1,5,36,unemployed,0,2.44
assault,4,5,53,unemployed,0,8.63
theft,5,3,51,student,1,5.47
fraud,2,2,51,unemployed,0,3.86
robbery,1,3,26,student,1,1.43
robbery,3,0,31,student,0,2.86
theft,4,0,36,unemployed,0,5.83
robbery,3,3,46,unemployed,1,3.82
assault,1,1,52,unemployed,0,1.22
theft,3,3,52,unemployed,1,4.77
theft,1,5,44,student,0,2.25
theft,2,5,20,unemployed,1,2.81
assault,2,5,54,unemployed,1,4.85
robbery,3,2,21,student,0,4.92
robbery,5,2,44,unemployed,0,5.87
fraud,2,2,27,unemployed,0,4.01
fraud,4,1,34,employed,1,4.66
fraud,1,2,42,student,0,2.02
fraud,4,1,39,unemployed,0,4.43
robbery,2,5,56,student,0,3.81
robbery,5,5,40,unemployed,1,8.79
robbery,3,1,41,unemployed,1,2.1
robbery,3,1,30,unemployed,0,3.91
assault,3,3,59,student,1,4.85
fraud,5,5,21,student,0,7.74
theft,4,1,58,employed,0,5.49
assault,1,4,58,student,1,1.23
assault,5,2,19,student,1,7.58
fraud,5,4,34,unemployed,1,7.32
fraud,2,2,23,student,0,1.95
theft,2,0,49,unemployed,1,2.16
theft,2,1,54,unemployed,1,1.65
theft,2,2,19,employed,0,3.86
theft,3,1,54,employed,1,4.2
theft,5,5,40,employed,0,8.97
robbery,3,0,58,unemployed,1,2.6
robbery,1,4,36,employed,0,2.58
fraud,4,2,41,employed,0,3.98
assault,1,1,23,employed,1,0.77
assault,5,0,56,student,1,6.39
fraud,5,4,28,student,1,5.48
assault,4,2,48,employed,1,4.27
fraud,4,0,26,unemployed,0,5.98
assault,4,2,45,student,0,4.85
fraud,4,2,36,student,1,6.97
assault,1,4,30,student,0,3.06
fraud,4,2,22,unemployed,1,3.8
robbery,4,0,46,student,1,3.55
theft,3,5,52,student,0,4.05
theft,5,5,59,unemployed,1,9.51
fraud,4,2,43,unemployed,0,4.4
robbery,1,0,27,unemployed,1,0.38
theft,4,5,46,unemployed,0,7.18
assault,1,5,28,student,0,3.73
robbery,2,3,58,employed,0,3.57
fraud,4,4,45,unemployed,0,7.04
theft,5,0,52,employed,1,5.15
assault,5,3,57,unemployed,0,7.5
assault,5,4,23,student,0,6.5
fraud,5,3,44,student,0,7.29
fraud,5,1,49,unemployed,0,5.5
assault,1,3,26,employed,1,2.82
robbery,4,3,28,employed,0,6.19
fraud,5,2,28,unemployed,1,6.64
assault,5,0,46,student,0,7.28
assault,1,3,34,unemployed,0,3.77
fraud,2,5,55,student,1,5.31
fraud,1,4,40,student,1,1.82
theft,2,3,21,unemployed,0,3.33
assault,2,5,43,unemployed,0,4.49
robbery,1,5,23,unemployed,1,4.49
theft,1,5,47,student,1,4.28
robbery,3,2,36,unemployed,0,4.52
theft,1,0,58,unemployed,0,0.83
theft,4,1,26,student,1,3.44
assault,2,0,43,student,1,1.62
fraud,4,0,26,student,0,4.39
theft,4,5,26,unemployed,0,5.87
theft,3,2,37,employed,1,5.59
fraud,1,4,54,employed,0,3.88
fraud,4,4,46,employed,0,6.81
robbery,3,3,38,employed,0,4.06
assault,1,5,37,employed,0,3.12
fraud,4,3,25,employed,1,4.77
assault,3,1,42,student,1,2.94
theft,5,0,18,unemployed,0,4.43
assault,5,3,45,student,1,5.02
fraud,2,4,38,unemployed,0,4.56
fraud,1,1,23,unemployed,0,1.53
fraud,1,0,26,student,0,0.89
assault,2,2,26,student,1,2.3
theft,3,5,54,student,0,6.46
fraud,3,1,34,employed,0,2.98
theft,2,0,48,unemployed,1,1.65
robbery,2,2,33,unemployed,1,2.24
theft,2,1,51,employed,1,2.2
assault,1,4,47,employed,1,3.01
robbery,3,4,49,employed,0,5.3
assault,1,2,18,student,1,1.89
robbery,1,1,35,employed,0,2.21
assault,4,5,23,student,0,7.54
theft,4,5,26,employed,1,5.74
assault,3,3,35,employed,0,5.76
theft,2,0,28,unemployed,1,1.9
robbery,3,3,34,employed,0,4.99
theft,2,2,27,employed,0,3.5
assault,3,1,19,unemployed,1,3.49
fraud,1,0,21,employed,0,1.12
theft,5,4,34,employed,0,9.23
fraud,1,2,25,employed,1,2.12
robbery,1,3,45,employed,1,2.15
theft,5,4,57,employed,1,7.81
robbery,2,3,30,student,0,4.66
assault,4,4,49,unemployed,1,5.17
assault,1,3,51,unemployed,0,2.69
assault,5,5,21,employed,1,7.81
assault,3,4,19,student,1,6.49
robbery,5,2,29,unemployed,0,4.87
robbery,1,2,57,employed,0,2.12
assault,1,0,27,student,0,1.36
assault,4,4,24,unemployed,1,6.55
robbery,3,1,53,student,1,3.12
fraud,2,5,18,student,1,5.32
fraud,5,0,49,employed,1,5.49
theft,3,3,18,unemployed,0,3.68
theft,1,0,42,unemployed,1,0.86
robbery,1,3,54,student,0,1.28
assault,3,0,22,unemployed,0,3.84
theft,3,4,57,unemployed,0,5.92
robbery,2,0,24,unemployed,0,3.02
assault,3,2,33,employed,0,4.37
theft,3,0,45,employed,1,3.24
fraud,2,5,36,employed,1,4.6
assault,1,5,52,unemployed,0,3.2
theft,3,3,47,unemployed,0,5.56
theft,1,5,40,student,1,3.8
robbery,5,5,48,student,0,7.12
fraud,1,3,29,employed,0,2.38
robbery,2,5,27,student,1,4.6
assault,3,4,47,employed,1,3.68
theft,1,4,24,unemployed,1,2.62
robbery,1,1,35,unemployed,0,1.77
robbery,3,5,33,employed,1,8.18
assault,3,2,49,student,0,5.29
assault,3,5,44,student,0,4.63
assault,1,4,28,employed,1,2.66
theft,2,1,30,employed,0,1.83
fraud,3,2,47,student,1,4.08
fraud,4,4,53,unemployed,1,6.19
assault,1,3,21,employed,0,3.45
assault,4,4,19,student,0,6.12
fraud,3,4,37,student,1,4.6
robbery,5,0,18,student,1,5.2
assault,3,5,38,unemployed,1,6.76
fraud,1,4,43,student,1,2.59
robbery,4,3,20,student,0,5.89
robbery,3,4,37,employed,0,5.4
fraud,3,5,23,employed,1,6.48
assault,3,4,36,unemployed,0,6.4
theft,4,1,50,employed,1,4.12
fraud,3,3,54,unemployed,0,5.32
robbery,3,5,29,unemployed,0,4.85
fraud,5,1,49,employed,0,6.67
robbery,4,0,20,student,0,5.05
fraud,1,5,18,student,0,4.03
assault,2,0,20,unemployed,1,1.66
fraud,3,3,40,employed,0,6.57
fraud,2,5,26,employed,0,4.21
theft,4,5,34,student,0,6.68
theft,1,3,46,unemployed,0,2.45
theft,3,3,60,employed,1,5.61
theft,3,0,24,unemployed,0,4.01
fraud,3,5,44,unemployed,0,4.93
robbery,3,1,18,employed,0,5.19
fraud,1,4,22,student,0,4.12
assault,4,0,24,employed,0,5.76
robbery,1,0,20,employed,0,1.12
robbery,5,2,23,unemployed,1,4.64
robbery,4,3,59,employed,0,6.04
fraud,1,3,55,unemployed,1,1.51
fraud,4,3,25,unemployed,1,4.44
fraud,3,4,51,student,0,5.83
robbery,2,4,57,employed,0,4.36
robbery,2,0,49,unemployed,0,2.07
robbery,4,1,23,unemployed,1,5.2
theft,4,5,59,employed,0,5.97
theft,5,4,58,unemployed,0,8.24
theft,2,3,39,student,1,3.6
theft,3,2,58,unemployed,1,3.86
robbery,1,2,57,employed,0,2.05
fraud,3,0,44,employed,0,4.18
fraud,4,0,51,student,0,4.84
fraud,5,1,26,employed,1,6.89
robbery,5,5,33,unemployed,1,10.46
robbery,5,5,50,unemployed,1,9.45
assault,3,5,26,student,0,6.08
assault,5,3,55,student,1,7.55
theft,5,0,19,unemployed,0,3.95
fraud,3,5,34,employed,0,6.34
theft,3,3,24,student,0,5.79
assault,1,3,42,unemployed,1,1.51
robbery,2,5,59,unemployed,0,6.39
fraud,1,1,29,student,0,0.89
assault,1,2,47,student,0,2.29
assault,4,4,53,unemployed,0,6.95
fraud,5,0,50,employed,1,5.87
assault,3,2,36,employed,1,4.64
assault,4,1,59,student,0,6.71
theft,4,2,52,student,1,3.43
robbery,1,2,59,employed,1,2.86
theft,1,1,60,student,0,1.81
robbery,1,5,27,employed,1,2.33
assault,5,0,54,employed,1,4.8
robbery,1,4,18,student,0,2.89
theft,3,5,37,student,0,6.88
theft,4,1,52,employed,0,6.34
assault,2,2,59,unemployed,0,3.15
theft,5,4,43,student,0,7.15
robbery,5,1,28,employed,0,6.2
theft,5,3,59,student,0,6.1
robbery,3,2,26,student,0,3.19
robbery,3,4,60,unemployed,0,5.33
robbery,2,0,38,employed,0,2.37
assault,2,5,39,unemployed,1,4.78
theft,3,1,52,employed,1,4.31
theft,5,4,43,student,0,9.66
robbery,2,2,43,employed,1,2.5
theft,2,4,28,student,0,3.46
fraud,4,2,20,employed,1,4.54
assault,4,3,47,employed,0,7.54
assault,3,4,52,student,0,5.21
theft,5,2,42,employed,1,6.19
theft,5,1,46,employed,0,4.6
fraud,2,2,56,student,0,2.92
robbery,4,1,55,employed,1,2.7
theft,5,1,21,employed,1,7.81
theft,3,0,31,unemployed,1,3.62
fraud,5,5,50,unemployed,0,8.84
theft,2,3,42,employed,0,3.72
robbery,2,4,24,employed,1,4.57
theft,1,3,60,employed,0,3.64
robbery,3,0,51,unemployed,0,4.64
assault,5,5,54,employed,1,7.18
assault,5,4,44,unemployed,0,6.21
theft,5,0,42,student,0,5.82
assault,3,4,45,student,1,6.3
robbery,2,2,53,student,1,2.31
theft,2,3,28,employed,0,4.69
theft,2,3,58,employed,0,4.46
theft,1,2,32,unemployed,0,2.98
robbery,5,5,51,unemployed,0,11.0
robbery,1,1,60,student,1,0.86
theft,3,1,59,employed,0,2.92
robbery,4,4,30,student,0,6.25
assault,3,2,32,student,0,3.93
theft,5,0,50,unemployed,1,6.92
assault,4,3,54,unemployed,0,7.62
robbery,5,0,48,employed,1,3.62
fraud,3,3,40,student,0,4.85
assault,1,4,29,unemployed,1,4.12
fraud,4,5,30,employed,0,7.36
fraud,5,2,27,employed,0,8.66
theft,5,0,48,unemployed,1,5.35
robbery,2,4,35,unemployed,0,4.13
robbery,4,4,20,student,1,6.28
robbery,3,5,18,employed,0,4.81
assault,2,4,34,employed,1,4.27
fraud,4,5,41,unemployed,1,5.73
fraud,1,5,35,employed,1,2.95
robbery,1,1,44,unemployed,0,2.24
assault,4,2,34,student,0,5.8
robbery,1,3,39,unemployed,1,1.95
robbery,1,2,56,employed,0,2.2
robbery,4,0,42,student,1,3.85
robbery,5,4,43,employed,0,6.04
assault,3,4,59,unemployed,1,6.51
robbery,4,1,29,employed,0,6.31
theft,2,1,43,employed,0,2.48
theft,4,4,23,employed,1,5.43
fraud,2,5,36,unemployed,0,4.91
assault,3,3,47,student,1,3.66
robbery,5,3,51,student,1,8.14
robbery,3,1,37,employed,0,3.81
assault,4,4,18,student,1,7.32
